{"_runtime":12.029115687000001,"trainer/global_step":149,"train_kl_epoch":319279.40625,"val_loss":1.355606300557312e+15,"train_loss_epoch":8.788623537209344e+15,"_step":4,"train_loss_step":2.721448581922816e+15,"_wandb":{"runtime":12},"train_kl_step":319410.5625,"_timestamp":1.7422872545064006e+09,"train_nll_epoch":8.788623537209344e+15,"epoch":1,"train_nll_step":2.721448581922816e+15}