{"train_kl_step":14026.716796875,"train_nll_epoch":0.6269959807395935,"trainer/global_step":5899,"train_loss_step":2.5261664390563965,"val_loss":0.6266581416130066,"_step":217,"epoch":49,"val_acc":0.6505275964736938,"_runtime":346.767098215,"train_nll_step":0.6604152917861938,"_wandb":{"runtime":346},"train_kl_epoch":14411.2802734375,"_timestamp":1.7425070583480778e+09,"train_acc_epoch":0.6550944447517395,"train_loss_epoch":2.5439000129699707,"train_acc_step":0.6333333253860474}