epoch,step,test_loss
0,0,0.6691332459449768
0,0,0.6584635972976685
0,0,0.6579542756080627
0,0,0.6798460483551025
0,0,0.6801071763038635
0,0,0.6917060613632202
