{"_wandb":{"runtime":445},"train_kl_step":31438.84765625,"train_acc_step":0.5263158082962036,"val_loss":0.6257109642028809,"train_loss_step":4.844370365142822,"train_nll_step":0.702229380607605,"train_acc_epoch":0.6227931380271912,"trainer/global_step":5949,"_runtime":445.775118604,"_timestamp":1.7424858790129607e+09,"epoch":49,"train_loss_epoch":4.8328046798706055,"val_acc":0.6703566908836365,"train_nll_epoch":0.6703721284866333,"train_kl_epoch":31592.865234375,"_step":218}