epoch,step,test_acc,test_loss
0,0,0.6890130639076233,0.5909895300865173
0,0,0.6743961572647095,0.6359793543815613
0,0,0.6901408433914185,0.6162853240966797
