{"epoch":46,"train_acc_epoch":0.5969672799110413,"_step":201,"val_loss":0.6321994066238403,"train_nll_epoch":0.47426366806030273,"train_kl_step":113761.859375,"train_kl_epoch":116046.3671875,"val_acc":0.643699586391449,"train_nll_step":0.4788673222064972,"train_loss_epoch":15.910067558288574,"_timestamp":1.742508462206828e+09,"train_loss_step":15.610797882080078,"_wandb":{"runtime":428},"_runtime":422.870103245,"train_acc_step":0.625,"trainer/global_step":5499}