{"validation_loss":0.25816768407821655,"_wandb":{"runtime":27},"_runtime":26.38505397,"train_loss_epoch":0.2586034834384918,"_timestamp":1.742490727091645e+09,"epoch":17,"trainer/global_step":1049,"_step":54,"train_loss_step":0.23712590336799622}