{"train_nll_epoch":0.7096161246299744,"val_loss":0.6931737065315247,"train_loss_step":0.6959353089332581,"train_loss_epoch":0.7786985039710999,"epoch":99,"train_kl_step":833.3240966796875,"train_acc_epoch":0.6127588152885437,"train_nll_step":0.6376445889472961,"_wandb":{"runtime":1472},"_timestamp":1.7423841813592777e+09,"_step":647,"train_acc_step":0.5416666865348816,"_runtime":1472.493262996,"trainer/global_step":22399,"val_acc":0.5029373168945312,"train_kl_epoch":987.5982666015625}