{"_step":1,"epoch":0,"_wandb":{"runtime":16},"train_kl_step":681757.875,"train_loss_step":1.966580028145664e+15,"trainer/global_step":99,"train_nll_step":1.966580028145664e+15,"_timestamp":1.742295867537141e+09,"_runtime":15.62033789}