{"_timestamp":1.7425057044298909e+09,"_wandb":{"runtime":394},"train_loss_epoch":4.281088829040527,"_step":217,"val_acc":0.6554934978485107,"train_acc_epoch":0.6548284292221069,"train_nll_step":0.6854016184806824,"_runtime":394.857248918,"train_nll_epoch":0.6266501545906067,"train_loss_step":4.314362049102783,"epoch":49,"train_acc_step":0.6333333253860474,"trainer/global_step":5899,"val_loss":0.6472411751747131,"train_kl_step":27282.525390625,"train_kl_epoch":27474.076171875}