{"trainer/global_step":199,"_timestamp":1.7425015503141208e+09,"_wandb":{"runtime":7},"_runtime":7.065618265,"_step":3,"train_loss_step":0.6325668096542358,"train_accuracy_step":0.640625,"epoch":0}