{"train_loss_step":4.844370365142822,"train_nll_step":0.702229380607605,"val_loss":0.6257109642028809,"train_acc_step":0.5263158082962036,"train_kl_epoch":31592.865234375,"epoch":49,"train_acc_epoch":0.6227931380271912,"trainer/global_step":5949,"train_kl_step":31438.84765625,"_step":218,"train_nll_epoch":0.6703721284866333,"_timestamp":1.742486802490807e+09,"_wandb":{"runtime":429},"_runtime":429.793092108,"val_acc":0.6703566908836365,"train_loss_epoch":4.8328046798706055}