{"train_kl_step":1128.49658203125,"train_acc_epoch":0.6870453357696533,"epoch":99,"val_loss":0.5833330154418945,"train_acc_step":0.6363636255264282,"_timestamp":1.7423997524704394e+09,"train_loss_step":0.8497911095619202,"train_kl_epoch":1097.9188232421875,"_runtime":710.028562281,"_wandb":{"runtime":710},"trainer/global_step":11199,"val_acc":0.7095300555229187,"_step":423,"train_loss_epoch":0.7465628981590271,"train_nll_step":0.6919152736663818,"train_nll_epoch":0.592964768409729}