{"train_norm_nll_epoch":1.846893248249856e+15,"_wandb":{"runtime":102},"train_loss_epoch":1.846893248249856e+15,"train_nll_epoch":1.846893248249856e+15,"train_kl_step":596293.5625,"train_loss_step":142.77883911132812,"epoch":1,"_timestamp":1.7418775968011243e+09,"train_nll_step":124.41043090820312,"trainer/global_step":949,"_runtime":99.668550093,"val_norm_loss":160.41629028320312,"train_kl_epoch":681422.25,"train_norm_nll_step":124.41043090820312,"_step":20,"val_loss":160.41629028320312}