{"val_acc":0.6343885660171509,"train_acc_epoch":0.5879223346710205,"val_loss":0.6430100798606873,"train_loss_epoch":94.95537567138672,"train_kl_epoch":710301.0625,"train_nll_step":0.5023207068443298,"_wandb":{"runtime":1072},"epoch":49,"trainer/global_step":5899,"train_kl_step":708316.125,"_timestamp":1.742561798831184e+09,"train_acc_step":0.6000000238418579,"train_loss_step":94.71834564208984,"train_nll_epoch":0.47531211376190186,"_step":217,"_runtime":1071.761524807}