{"train_kl_step":46220.7578125,"val_loss":2.007139205932617,"trainer/global_step":199,"train_loss_epoch":8.773870468139648,"train_loss_step":9.000473022460938,"epoch":1,"train_kl_epoch":45718.58203125,"_runtime":65.065518166,"_wandb":{"runtime":68},"_step":5,"train_nll_step":2.9107816219329834,"train_nll_epoch":2.7503392696380615,"val_acc":0.3296433091163635,"_timestamp":1.7424836576591938e+09,"train_acc_epoch":0.543214738368988,"train_acc_step":0.6875}