{"_runtime":774.157777955,"_wandb":{"runtime":774},"val_acc":0.7678460478782654,"train_nll_step":0.38083526492118835,"val_loss":0.7660216093063354,"train_nll_epoch":0.3122117817401886,"train_loss_epoch":101.53947448730469,"_step":217,"train_acc_epoch":0.787975549697876,"train_kl_epoch":761026.4375,"_timestamp":1.7425117128646908e+09,"train_acc_step":0.8666666746139526,"epoch":49,"train_kl_step":756929.5625,"trainer/global_step":5899,"train_loss_step":101.06314086914062}