{"_timestamp":1.742545967195548e+09,"train_acc_epoch":0.617052435874939,"_step":217,"epoch":49,"val_loss":0.6168293952941895,"train_nll_epoch":0.46160030364990234,"train_kl_step":713746.625,"train_nll_step":0.4459504783153534,"train_acc_step":0.699999988079071,"train_kl_epoch":714210.5625,"_wandb":{"runtime":918},"trainer/global_step":5899,"_runtime":918.211247123,"train_loss_epoch":95.46163177490234,"train_loss_step":95.38431549072266,"val_acc":0.6728739738464355}