{"_timestamp":1.7424919998081e+09,"train_loss_step":0.7947069406509399,"validation_loss":0.6591067910194397,"_step":357,"epoch":49,"trainer/global_step":12899,"_runtime":300.252804037,"train_loss_epoch":0.6576598286628723,"_wandb":{"runtime":300}}