epoch,step,test_loss
0,0,0.6917060613632202
0,0,0.6917060613632202
0,0,0.6917060613632202
0,0,0.6917060613632202
0,0,0.6917060613632202
0,0,0.6917060613632202
