{"train_acc_epoch":0.6853665113449097,"trainer/global_step":5599,"train_loss_step":0.8231685161590576,"val_acc":0.7121409773826599,"val_loss":0.5810180306434631,"_wandb":{"runtime":276},"_step":211,"train_nll_epoch":0.5947897434234619,"train_loss_epoch":0.7649126648902893,"train_kl_step":1152.8524169921875,"_timestamp":1.7424658672393746e+09,"train_acc_step":0.6590909361839294,"_runtime":276.884505937,"epoch":49,"train_nll_step":0.6618852615356445,"train_kl_epoch":1216.039306640625}