{"train_loss_step":6.827924728393555,"train_acc_epoch":0.5837944746017456,"train_nll_step":1.084815263748169,"_step":42,"train_loss_epoch":6.444586753845215,"epoch":9,"train_kl_epoch":43576.65625,"train_kl_step":43590.19921875,"trainer/global_step":1189,"_timestamp":1.74248410982335e+09,"_wandb":{"runtime":75},"val_acc":0.6703566908836365,"train_nll_epoch":0.7032626867294312,"val_loss":0.645179808139801,"train_acc_step":0.3125,"_runtime":75.648642758}