{"_wandb":{"runtime":866},"epoch":28,"_step":349,"_timestamp":1.741856896281306e+09,"val_loss":2.573838394274611e+16,"_runtime":863.417010505,"train_loss_step":68.36305236816406,"train_loss_epoch":2.363137177157632e+16,"trainer/global_step":14699}